 "id","name","category","description","url","cost","eligibility","location","keywords","last_verified"
"academic-achievement","Academic Achievement Center","Academic Support","Academic coaching, workshops, peer mentoring through UConn Connects, and supplemental instruction to help you build study strategies and reach academic goals.","https://hartford.uconn.edu/academics/resources-services/","Free to UConn students","UConn Hartford students","UConn Hartford campus","study skills | academic coaching | peer mentoring | supplemental instruction | classes | school","2026-09-26"
"biology-center","Biology Tutoring Center (B Center)","Academic Support","Free peer tutoring for life science courses listed under BIOL, EEB, MCB, and PNB. Check the campus page for current availability and details.","https://hartford.uconn.edu/academics/resources-services/","Free","Students taking eligible UConn Hartford biology courses","UConn Hartford campus","biology | science | life science | peer tutor | tutoring | BIOL | EEB | MCB | PNB","2026-09-26"
"q-center","Quantitative Learning Center (Q Center)","Academic Support","Peer tutoring and review sessions for quantitative intensive undergraduate courses. Consult the schedule page to find current sessions and appointment options.","https://qcenter.hartford.uconn.edu/","Free","UConn Hartford undergraduate students in supported courses","UConn Hartford campus","math | statistics | quantitative | tutor | tutoring | review session | numbers","2026-09-26"
"writing-center","Writing Center","Academic Support","Undergraduate and graduate tutors can work with you at any stage of an assignment, from early ideas to drafts. The center also offers e-tutoring; check the site for current hours and booking details.","https://wcenter.hartford.uconn.edu/","Free","UConn Hartford students","UConn Hartford campus and online","essay | writing | paper | editing | draft | tutor | English | homework","2026-09-26"
"mental-health-resource-center","Mental Health Resource Center","Mental Health","A campus Mental Health Case Manager can talk through concerns affecting student life and connect you with campus or community resources. Contact the office to schedule an appointment; the site describes urgent referral options.","https://mhrc.hartford.uconn.edu/","Campus support; ask about any outside service costs","UConn Hartford community","10 Prospect Street, Hartford, CT 06103","stress | anxiety | counseling | mental health | wellness | emotional support | case manager | crisis","2026-09-26"
"student-services","UConn Hartford Student Services","Student Services","A welcoming place to start if you are unsure which campus office can help. Student Services can route questions about personal issues, academics, student life, and other campus services.","https://hartford.uconn.edu/student-services/","No charge to contact","UConn Hartford students","Hartford Times Building, Level 1, Room 106","where to start | support | personal issues | student life | advising | contact | help","2026-09-26"
"financial-aid","Financial Aid at UConn Hartford","Financial Support","For questions about financial aid, start with UConn Hartford's financial aid information and contact options. Ask the office about your individual eligibility, deadlines, and available aid.","https://financialaid.uconn.edu/","No charge to ask questions","UConn students; aid eligibility varies","Online and UConn offices","money | financial aid | tuition | scholarship | grants | cost | bill | financial stress","2026-09-26"
"food-and-meal-assistance","Find Food & Meal Assistance","Basic Needs","UConn Hartford Advocacy & Community Engagement links students to local food and meal assistance resources. Follow the official page to see current referrals and details before visiting a provider.","https://engagement.hartford.uconn.edu/","Varies by provider; many food assistance programs are free","Varies by community provider","Hartford area","food | hungry | meal | meals | pantry | groceries | basic needs | food insecurity","2026-09-26"
"211-connecticut","2-1-1 Connecticut Resource Finder","Basic Needs","Search Connecticut community services, including food, housing, utility, and other basic-needs support. Call 2-1-1 or use the online directory to confirm eligibility and availability.","https://www.211ct.org/","Free information and referral service","Anyone in Connecticut; individual programs set their own eligibility","Statewide; search Hartford","food | housing | shelter | rent | utilities | basic needs | crisis | community resources","2026-09-26"
"career-services","Career Services","Career","UConn Hartford Student Services lists Career Services as a campus resource. Use the official student services page to connect with career support and ask about appointments, jobs, resumes, and internships.","https://hartford.uconn.edu/student-services/","Campus service; ask about access","UConn Hartford students","UConn Hartford campus","job | part time | internship | internships | career | resume | employment | work","2026-09-26"
"student-activities","Student Activities & Organizations","Community & Events","Explore student organizations, leadership programs, and activities to meet people and get involved on campus. Check UConn Hartford's university life page for current ways to participate.","https://hartford.uconn.edu/university-life/","Varies by activity; ask the organizer","UConn Hartford students","UConn Hartford campus","events | event | friends | clubs | organizations | community | social | meet people | belong","2026-09-26"
"academic-advising","Academic Advising","Student Services","Talk with an assigned advisor about degree progress, requirements, and academic planning. If you are not sure where to begin with a non-advising question, the Office of Student Services can direct you.","https://advising.hartford.uconn.edu/","No charge to contact","UConn Hartford undergraduates; some programs have assigned advisors","Hartford Times Building, 10 Prospect Street","advisor | advising | degree | classes | graduation | academic plan | major","2026-09-26"
